accession,deal_name,series,issuing_entity_cik,depositor_name,depositor_cik,asset_class,form,filing_date,filing_year,doc_url,local_file,text_file,word_count,status
0001193125-24-139394,AmeriCredit Automobile Receivables Trust 2024-1,,0002020251,AFS SENSUB CORP,0001347185,Auto loan,424H,2024-05-15,2024,https://www.sec.gov/Archives/edgar/data/1347185/000119312524139394/d679938d424h.htm,data/AFS_SENSUB_CORP__2024-05-15_424H.htm,data/text/AFS_SENSUB_CORP__2024-05-15_424H.txt,60361,ok
0001193125-24-169068,GM Financial Consumer Automobile Receivables Trust 2024-3,,0002026197,AFS SENSUB CORP,0001347185,Auto loan,424H,2024-06-26,2024,https://www.sec.gov/Archives/edgar/data/1347185/000119312524169068/d792078d424h.htm,data/AFS_SENSUB_CORP__2024-06-26_424H.htm,data/text/AFS_SENSUB_CORP__2024-06-26_424H.txt,59375,ok
0001193125-24-231284,GM Financial Consumer Automobile Receivables Trust 2024-4,,0002036780,AFS SENSUB CORP,0001347185,Auto loan,424H,2024-10-02,2024,https://www.sec.gov/Archives/edgar/data/1347185/000119312524231284/d847362d424h.htm,data/AFS_SENSUB_CORP__2024-10-02_424H.htm,data/text/AFS_SENSUB_CORP__2024-10-02_424H.txt,59628,ok
0001193125-25-002125,GM Financial Consumer Automobile Receivables Trust 2025-1,,0002047316,AFS SENSUB CORP,0001347185,Auto loan,424H,2025-01-06,2025,https://www.sec.gov/Archives/edgar/data/1347185/000119312525002125/d909372d424h.htm,data/AFS_SENSUB_CORP__2025-01-06_424H.htm,data/text/AFS_SENSUB_CORP__2025-01-06_424H.txt,58865,ok
0001193125-25-109987,GM Financial Consumer Automobile Receivables Trust 2025-2,,0002060535,AFS SENSUB CORP,0001347185,Auto loan,424H,2025-05-01,2025,https://www.sec.gov/Archives/edgar/data/1347185/000119312525109987/d111258d424h.htm,data/AFS_SENSUB_CORP__2025-05-01_424H.htm,data/text/AFS_SENSUB_CORP__2025-05-01_424H.txt,60761,ok
0001193125-25-155549,GM Financial Consumer Automobile Receivables Trust 2025-3,,0002071240,AFS SENSUB CORP,0001347185,Auto loan,424H,2025-07-03,2025,https://www.sec.gov/Archives/edgar/data/1347185/000119312525155549/d918278d424h.htm,data/AFS_SENSUB_CORP__2025-07-03_424H.htm,data/text/AFS_SENSUB_CORP__2025-07-03_424H.txt,59248,ok
0001193125-25-248485,GM Financial Consumer Automobile Receivables Trust 2025-4,,0002084404,AFS SENSUB CORP,0001347185,Auto loan,424H,2025-10-23,2025,https://www.sec.gov/Archives/edgar/data/1347185/000119312525248485/d58892d424h.htm,data/AFS_SENSUB_CORP__2025-10-23_424H.htm,data/text/AFS_SENSUB_CORP__2025-10-23_424H.txt,56836,ok
0001193125-26-002340,GM Financial Consumer Automobile Receivables Trust 2026-1,,0002099048,AFS SENSUB CORP,0001347185,Auto loan,424H,2026-01-05,2026,https://www.sec.gov/Archives/edgar/data/1347185/000119312526002340/d45533d424h.htm,data/AFS_SENSUB_CORP__2026-01-05_424H.htm,data/text/AFS_SENSUB_CORP__2026-01-05_424H.txt,59443,ok
0001193125-26-142046,GM Financial Consumer Automobile Receivables Trust 2026-2,,0002116462,AFS SENSUB CORP,0001347185,Auto loan,424H,2026-04-03,2026,https://www.sec.gov/Archives/edgar/data/1347185/000119312526142046/d102168d424h.htm,data/AFS_SENSUB_CORP__2026-04-03_424H.htm,data/text/AFS_SENSUB_CORP__2026-04-03_424H.txt,56776,ok
0001193125-26-294517,GM Financial Consumer Automobile Receivables Trust 2026-3,,0002138743,AFS SENSUB CORP,0001347185,Auto loan,424H,2026-07-02,2026,https://www.sec.gov/Archives/edgar/data/1347185/000119312526294517/d12434d424h.htm,data/AFS_SENSUB_CORP__2026-07-02_424H.htm,data/text/AFS_SENSUB_CORP__2026-07-02_424H.txt,56974,ok
0001193125-24-092834,American Express Credit Account Master Trust,2024-2,0001003509,AMERICAN EXPRESS CREDIT ACCOUNT MASTER TRUST,0001003509,Credit cards,424H,2024-04-11,2024,https://www.sec.gov/Archives/edgar/data/1003509/000119312524092834/d19227d424h.htm,data/AMERICAN_EXPRESS_CREDIT_ACCOUNT_MASTER_TRUST_2024-04-11_424H.htm,data/text/AMERICAN_EXPRESS_CREDIT_ACCOUNT_MASTER_TRUST_2024-04-11_424H.txt,76795,ok
0001193125-24-092825,American Express Credit Account Master Trust,2024-1,0001003509,AMERICAN EXPRESS CREDIT ACCOUNT MASTER TRUST,0001003509,Credit cards,424H,2024-04-11,2024,https://www.sec.gov/Archives/edgar/data/1003509/000119312524092825/d788844d424h.htm,data/AMERICAN_EXPRESS_CREDIT_ACCOUNT_MASTER_TRUST_2024-04-11_424H_0001193125-24-092825.htm,data/text/AMERICAN_EXPRESS_CREDIT_ACCOUNT_MASTER_TRUST_2024-04-11_424H_0001193125-24-092825.txt,76795,ok
0001193125-24-177529,American Express Credit Account Master Trust,2024-3,0001003509,AMERICAN EXPRESS CREDIT ACCOUNT MASTER TRUST,0001003509,Credit cards,424H,2024-07-11,2024,https://www.sec.gov/Archives/edgar/data/1003509/000119312524177529/d105166d424h.htm,data/AMERICAN_EXPRESS_CREDIT_ACCOUNT_MASTER_TRUST_2024-07-11_424H.htm,data/text/AMERICAN_EXPRESS_CREDIT_ACCOUNT_MASTER_TRUST_2024-07-11_424H.txt,76668,ok
0001193125-25-015957,American Express Credit Account Master Trust,2025-1,0001003509,AMERICAN EXPRESS CREDIT ACCOUNT MASTER TRUST,0001003509,Credit cards,424H,2025-01-30,2025,https://www.sec.gov/Archives/edgar/data/1003509/000119312525015957/d764677d424h.htm,data/AMERICAN_EXPRESS_CREDIT_ACCOUNT_MASTER_TRUST_2025-01-30_424H.htm,data/text/AMERICAN_EXPRESS_CREDIT_ACCOUNT_MASTER_TRUST_2025-01-30_424H.txt,77138,ok
0001193125-25-109170,American Express Credit Account Master Trust,2025-3,0001003509,AMERICAN EXPRESS CREDIT ACCOUNT MASTER TRUST,0001003509,Credit cards,424H,2025-05-01,2025,https://www.sec.gov/Archives/edgar/data/1003509/000119312525109170/d947785d424h.htm,data/AMERICAN_EXPRESS_CREDIT_ACCOUNT_MASTER_TRUST_2025-05-01_424H.htm,data/text/AMERICAN_EXPRESS_CREDIT_ACCOUNT_MASTER_TRUST_2025-05-01_424H.txt,76832,ok
0001193125-25-109153,American Express Credit Account Master Trust,2025-2,0001003509,AMERICAN EXPRESS CREDIT ACCOUNT MASTER TRUST,0001003509,Credit cards,424H,2025-05-01,2025,https://www.sec.gov/Archives/edgar/data/1003509/000119312525109153/d936181d424h.htm,data/AMERICAN_EXPRESS_CREDIT_ACCOUNT_MASTER_TRUST_2025-05-01_424H_0001193125-25-109153.htm,data/text/AMERICAN_EXPRESS_CREDIT_ACCOUNT_MASTER_TRUST_2025-05-01_424H_0001193125-25-109153.txt,76832,ok
0001193125-25-157440,American Express Credit Account Master Trust,2025-5,0001003509,AMERICAN EXPRESS CREDIT ACCOUNT MASTER TRUST,0001003509,Credit cards,424H,2025-07-10,2025,https://www.sec.gov/Archives/edgar/data/1003509/000119312525157440/d17017d424h.htm,data/AMERICAN_EXPRESS_CREDIT_ACCOUNT_MASTER_TRUST_2025-07-10_424H.htm,data/text/AMERICAN_EXPRESS_CREDIT_ACCOUNT_MASTER_TRUST_2025-07-10_424H.txt,76502,ok
0001193125-25-157438,American Express Credit Account Master Trust,2025-4,0001003509,AMERICAN EXPRESS CREDIT ACCOUNT MASTER TRUST,0001003509,Credit cards,424H,2025-07-10,2025,https://www.sec.gov/Archives/edgar/data/1003509/000119312525157438/d878856d424h.htm,data/AMERICAN_EXPRESS_CREDIT_ACCOUNT_MASTER_TRUST_2025-07-10_424H_0001193125-25-157438.htm,data/text/AMERICAN_EXPRESS_CREDIT_ACCOUNT_MASTER_TRUST_2025-07-10_424H_0001193125-25-157438.txt,76502,ok
0001104659-24-058047,Honda Auto Receivables 2024-2 Owner Trust,,0002019551,AMERICAN HONDA RECEIVABLES LLC,0000890975,Auto loan,424H,2024-05-07,2024,https://www.sec.gov/Archives/edgar/data/890975/000110465924058047/tm2411701d4_424h.htm,data/AMERICAN_HONDA_RECEIVABLES_LLC_2024-05-07_424H.htm,data/text/AMERICAN_HONDA_RECEIVABLES_LLC_2024-05-07_424H.txt,68170,ok
0001104659-24-086321,Honda Auto Receivables 2024-3 Owner Trust,,0002029555,AMERICAN HONDA RECEIVABLES LLC,0000890975,Auto loan,424H,2024-08-06,2024,https://www.sec.gov/Archives/edgar/data/890975/000110465924086321/tm2418985d3_424h.htm,data/AMERICAN_HONDA_RECEIVABLES_LLC_2024-08-06_424H.htm,data/text/AMERICAN_HONDA_RECEIVABLES_LLC_2024-08-06_424H.txt,67528,ok
0001104659-24-107060,Honda Auto Receivables 2024-4 Owner Trust,,0002037549,AMERICAN HONDA RECEIVABLES LLC,0000890975,Auto loan,424H,2024-10-08,2024,https://www.sec.gov/Archives/edgar/data/890975/000110465924107060/tm2424075d3_424h.htm,data/AMERICAN_HONDA_RECEIVABLES_LLC_2024-10-08_424H.htm,data/text/AMERICAN_HONDA_RECEIVABLES_LLC_2024-10-08_424H.txt,68379,ok
0001104659-25-007138,Honda Auto Receivables 2025-1 Owner Trust,,0002052479,AMERICAN HONDA RECEIVABLES LLC,0000890975,Auto loan,424H,2025-01-29,2025,https://www.sec.gov/Archives/edgar/data/890975/000110465925007138/tm2429763d5_424h.htm,data/AMERICAN_HONDA_RECEIVABLES_LLC_2025-01-29_424H.htm,data/text/AMERICAN_HONDA_RECEIVABLES_LLC_2025-01-29_424H.txt,67859,ok
0001104659-25-038454,Honda Auto Receivables 2025-2 Owner Trust,,0002062789,AMERICAN HONDA RECEIVABLES LLC,0000890975,Auto loan,424H,2025-04-24,2025,https://www.sec.gov/Archives/edgar/data/890975/000110465925038454/tm2511120d4_424h.htm,data/AMERICAN_HONDA_RECEIVABLES_LLC_2025-04-24_424H.htm,data/text/AMERICAN_HONDA_RECEIVABLES_LLC_2025-04-24_424H.txt,75671,ok
0001104659-25-072043,Honda Auto Receivables 2025-3 Owner Trust,,0002077602,AMERICAN HONDA RECEIVABLES LLC,0000890975,Auto loan,424H,2025-07-30,2025,https://www.sec.gov/Archives/edgar/data/890975/000110465925072043/tm2520905d3_424h.htm,data/AMERICAN_HONDA_RECEIVABLES_LLC_2025-07-30_424H.htm,data/text/AMERICAN_HONDA_RECEIVABLES_LLC_2025-07-30_424H.txt,74902,ok
0001104659-25-103730,Honda Auto Receivables 2025-4 Owner Trust,,0002089171,AMERICAN HONDA RECEIVABLES LLC,0000890975,Auto loan,424H,2025-10-29,2025,https://www.sec.gov/Archives/edgar/data/890975/000110465925103730/tm2527753d3_424h.htm,data/AMERICAN_HONDA_RECEIVABLES_LLC_2025-10-29_424H.htm,data/text/AMERICAN_HONDA_RECEIVABLES_LLC_2025-10-29_424H.txt,75849,ok
0001104659-26-009632,Honda Auto Receivables 2026-1 Owner Trust,,0002100818,AMERICAN HONDA RECEIVABLES LLC,0000890975,Auto loan,424H,2026-02-03,2026,https://www.sec.gov/Archives/edgar/data/890975/000110465926009632/tm262279d3_424h.htm,data/AMERICAN_HONDA_RECEIVABLES_LLC_2026-02-03_424H.htm,data/text/AMERICAN_HONDA_RECEIVABLES_LLC_2026-02-03_424H.txt,74888,ok
0001104659-26-051440,Honda Auto Receivables 2026-2 Owner Trust,,0002123682,AMERICAN HONDA RECEIVABLES LLC,0000890975,Auto loan,424H,2026-04-29,2026,https://www.sec.gov/Archives/edgar/data/890975/000110465926051440/tm2611296d3_424h.htm,data/AMERICAN_HONDA_RECEIVABLES_LLC_2026-04-29_424H.htm,data/text/AMERICAN_HONDA_RECEIVABLES_LLC_2026-04-29_424H.txt,75737,ok
0001104659-26-088181,Honda Auto Receivables 2026-3 Owner Trust,,0002143476,AMERICAN HONDA RECEIVABLES LLC,0000890975,Auto loan,424H,2026-07-29,2026,https://www.sec.gov/Archives/edgar/data/890975/000110465926088181/tm2620484d3_424h.htm,data/AMERICAN_HONDA_RECEIVABLES_LLC_2026-07-29_424H.htm,data/text/AMERICAN_HONDA_RECEIVABLES_LLC_2026-07-29_424H.txt,74920,ok
0001193125-24-049659,ALLY AUTO RECEIVABLES TRUST 2024-1,,0002010413,Ally Auto Assets LLC,0001477336,Auto loan,424H,2024-02-28,2024,https://www.sec.gov/Archives/edgar/data/1477336/000119312524049659/d716471d424h.htm,data/Ally_Auto_Assets_LLC_2024-02-28_424H.htm,data/text/Ally_Auto_Assets_LLC_2024-02-28_424H.txt,61268,ok
0001193125-24-221798,ALLY AUTO RECEIVABLES TRUST 2024-2,,0002035124,Ally Auto Assets LLC,0001477336,Auto loan,424H,2024-09-19,2024,https://www.sec.gov/Archives/edgar/data/1477336/000119312524221798/d844229d424h.htm,data/Ally_Auto_Assets_LLC_2024-09-19_424H.htm,data/text/Ally_Auto_Assets_LLC_2024-09-19_424H.txt,61236,ok
0001193125-25-226259,ALLY AUTO RECEIVABLES TRUST 2025-1,,0002087070,Ally Auto Assets LLC,0001477336,Auto loan,424H,2025-10-01,2025,https://www.sec.gov/Archives/edgar/data/1477336/000119312525226259/d93972d424h.htm,data/Ally_Auto_Assets_LLC_2025-10-01_424H.htm,data/text/Ally_Auto_Assets_LLC_2025-10-01_424H.txt,61768,ok
0001193125-26-073646,ALLY AUTO RECEIVABLES TRUST 2026-1,,0002111835,Ally Auto Assets LLC,0001477336,Auto loan,424H,2026-02-26,2026,https://www.sec.gov/Archives/edgar/data/1477336/000119312526073646/d87563d424h.htm,data/Ally_Auto_Assets_LLC_2026-02-26_424H.htm,data/text/Ally_Auto_Assets_LLC_2026-02-26_424H.txt,62033,ok
0000929638-24-000341,BMW Vehicle Lease Trust 2024-1,,0002006654,BMW AUTO LEASING LLC,0001126530,Auto lease,424H,2024-02-01,2024,https://www.sec.gov/Archives/edgar/data/1126530/000092963824000341/bmw2024-1_424h.htm,data/BMW_AUTO_LEASING_LLC_2024-02-01_424H.htm,data/text/BMW_AUTO_LEASING_LLC_2024-02-01_424H.txt,86566,ok
0000929638-24-003242,BMW Vehicle Lease Trust 2024-2,,0002033494,BMW AUTO LEASING LLC,0001126530,Auto lease,424H,2024-09-26,2024,https://www.sec.gov/Archives/edgar/data/1126530/000092963824003242/bmw2024-2_424h.htm,data/BMW_AUTO_LEASING_LLC_2024-09-26_424H.htm,data/text/BMW_AUTO_LEASING_LLC_2024-09-26_424H.txt,87751,ok
0000929638-25-002102,BMW Vehicle Lease Trust 2025-1,,0002069400,BMW AUTO LEASING LLC,0001126530,Auto lease,424H,2025-05-29,2025,https://www.sec.gov/Archives/edgar/data/1126530/000092963825002102/bmw2025-1_424h.htm,data/BMW_AUTO_LEASING_LLC_2025-05-29_424H.htm,data/text/BMW_AUTO_LEASING_LLC_2025-05-29_424H.txt,88061,ok
0000929638-25-003725,BMW Vehicle Lease Trust 2025-2,,0002085172,BMW AUTO LEASING LLC,0001126530,Auto lease,424H,2025-10-02,2025,https://www.sec.gov/Archives/edgar/data/1126530/000092963825003725/bmw2025-2_424h.htm,data/BMW_AUTO_LEASING_LLC_2025-10-02_424H.htm,data/text/BMW_AUTO_LEASING_LLC_2025-10-02_424H.txt,88841,ok
0000929638-26-001443,BMW Vehicle Lease Trust 2026-1,,0002119372,BMW AUTO LEASING LLC,0001126530,Auto lease,424H,2026-04-09,2026,https://www.sec.gov/Archives/edgar/data/1126530/000092963826001443/bmw2026-1_424h.htm,data/BMW_AUTO_LEASING_LLC_2026-04-09_424H.htm,data/text/BMW_AUTO_LEASING_LLC_2026-04-09_424H.txt,89001,ok
0001193125-24-093123,Bridgecrest Lending Auto Securitization Trust 2024-2,,0002018148,Bridgecrest Auto Funding LLC,0001974820,Auto loan,424H,2024-04-11,2024,https://www.sec.gov/Archives/edgar/data/1974820/000119312524093123/d819220d424h.htm,data/Bridgecrest_Auto_Funding_LLC_2024-04-11_424H.htm,data/text/Bridgecrest_Auto_Funding_LLC_2024-04-11_424H.txt,80411,ok
0001193125-24-177711,Bridgecrest Lending Auto Securitization Trust 2024-3,,0002029465,Bridgecrest Auto Funding LLC,0001974820,Auto loan,424H,2024-07-11,2024,https://www.sec.gov/Archives/edgar/data/1974820/000119312524177711/d860779d424h.htm,data/Bridgecrest_Auto_Funding_LLC_2024-07-11_424H.htm,data/text/Bridgecrest_Auto_Funding_LLC_2024-07-11_424H.txt,80570,ok
0001193125-24-235983,Bridgecrest Lending Auto Securitization Trust 2024-4,,0002036955,Bridgecrest Auto Funding LLC,0001974820,Auto loan,424H,2024-10-10,2024,https://www.sec.gov/Archives/edgar/data/1974820/000119312524235983/d886873d424h.htm,data/Bridgecrest_Auto_Funding_LLC_2024-10-10_424H.htm,data/text/Bridgecrest_Auto_Funding_LLC_2024-10-10_424H.txt,81045,ok
0001193125-25-007120,Bridgecrest Lending Auto Securitization Trust 2025-1,,0002050168,Bridgecrest Auto Funding LLC,0001974820,Auto loan,424H,2025-01-15,2025,https://www.sec.gov/Archives/edgar/data/1974820/000119312525007120/d916066d424h.htm,data/Bridgecrest_Auto_Funding_LLC_2025-01-15_424H.htm,data/text/Bridgecrest_Auto_Funding_LLC_2025-01-15_424H.txt,81153,ok
0001104659-25-047301,Bridgecrest Lending Auto Securitization Trust 2025-2,,0002059166,Bridgecrest Auto Funding LLC,0001974820,Auto loan,424H,2025-05-12,2025,https://www.sec.gov/Archives/edgar/data/1974820/000110465925047301/tm2513360d1_424h.htm,data/Bridgecrest_Auto_Funding_LLC_2025-05-12_424H.htm,data/text/Bridgecrest_Auto_Funding_LLC_2025-05-12_424H.txt,85166,ok
0001104659-25-068364,Bridgecrest Lending Auto Securitization Trust 2025-3,,0002075766,Bridgecrest Auto Funding LLC,0001974820,Auto loan,424H,2025-07-16,2025,https://www.sec.gov/Archives/edgar/data/1974820/000110465925068364/tm2520926d1_424h.htm,data/Bridgecrest_Auto_Funding_LLC_2025-07-16_424H.htm,data/text/Bridgecrest_Auto_Funding_LLC_2025-07-16_424H.txt,80032,ok
0001104659-25-097977,Bridgecrest Lending Auto Securitization Trust 2025-4,,0002086742,Bridgecrest Auto Funding LLC,0001974820,Auto loan,424H,2025-10-08,2025,https://www.sec.gov/Archives/edgar/data/1974820/000110465925097977/tm2528191d1_424h.htm,data/Bridgecrest_Auto_Funding_LLC_2025-10-08_424H.htm,data/text/Bridgecrest_Auto_Funding_LLC_2025-10-08_424H.txt,83787,ok
0001104659-26-003790,Bridgecrest Lending Auto Securitization Trust 2026-1,,0002101434,Bridgecrest Auto Funding LLC,0001974820,Auto loan,424H,2026-01-14,2026,https://www.sec.gov/Archives/edgar/data/1974820/000110465926003790/tm2533696d1_424h.htm,data/Bridgecrest_Auto_Funding_LLC_2026-01-14_424H.htm,data/text/Bridgecrest_Auto_Funding_LLC_2026-01-14_424H.txt,83935,ok
0001104659-26-042594,Bridgecrest Lending Auto Securitization Trust 2026-2,,0002121064,Bridgecrest Auto Funding LLC,0001974820,Auto loan,424H,2026-04-13,2026,https://www.sec.gov/Archives/edgar/data/1974820/000110465926042594/tm2611397d1_424h.htm,data/Bridgecrest_Auto_Funding_LLC_2026-04-13_424H.htm,data/text/Bridgecrest_Auto_Funding_LLC_2026-04-13_424H.txt,84144,ok
0001104659-26-083911,Bridgecrest Lending Auto Securitization Trust 2026-3,,0002138886,Bridgecrest Auto Funding LLC,0001974820,Auto loan,424H,2026-07-15,2026,https://www.sec.gov/Archives/edgar/data/1974820/000110465926083911/tm2620097d1_424h.htm,data/Bridgecrest_Auto_Funding_LLC_2026-07-15_424H.htm,data/text/Bridgecrest_Auto_Funding_LLC_2026-07-15_424H.txt,83924,ok
0001193125-25-053056,CarMax Select Receivables Trust 2025-A,,0002057719,CARMAX AUTO FUNDING LLC,0001259380,Auto loan,424H,2025-03-12,2025,https://www.sec.gov/Archives/edgar/data/1259380/000119312525053056/d940032d424h.htm,data/CARMAX_AUTO_FUNDING_LLC_2025-03-12_424H.htm,data/text/CARMAX_AUTO_FUNDING_LLC_2025-03-12_424H.txt,77292,ok
0001193125-25-087301,CarMax Auto Owner Trust 2025-2,,0002063979,CARMAX AUTO FUNDING LLC,0001259380,Auto loan,424H,2025-04-21,2025,https://www.sec.gov/Archives/edgar/data/1259380/000119312525087301/d935746d424h.htm,data/CARMAX_AUTO_FUNDING_LLC_2025-04-21_424H.htm,data/text/CARMAX_AUTO_FUNDING_LLC_2025-04-21_424H.txt,71848,ok
0001193125-25-157573,CarMax Auto Owner Trust 2025-3,,0002074530,CARMAX AUTO FUNDING LLC,0001259380,Auto loan,424H,2025-07-10,2025,https://www.sec.gov/Archives/edgar/data/1259380/000119312525157573/d59752d424h.htm,data/CARMAX_AUTO_FUNDING_LLC_2025-07-10_424H.htm,data/text/CARMAX_AUTO_FUNDING_LLC_2025-07-10_424H.txt,72015,ok
0001193125-25-199252,CarMax Select Receivables Trust 2025-B,,0002083722,CARMAX AUTO FUNDING LLC,0001259380,Auto loan,424H,2025-09-09,2025,https://www.sec.gov/Archives/edgar/data/1259380/000119312525199252/d13359d424h.htm,data/CARMAX_AUTO_FUNDING_LLC_2025-09-09_424H.htm,data/text/CARMAX_AUTO_FUNDING_LLC_2025-09-09_424H.txt,75455,ok
0001193125-25-234588,CarMax Auto Owner Trust 2025-4,,0002089777,CARMAX AUTO FUNDING LLC,0001259380,Auto loan,424H,2025-10-08,2025,https://www.sec.gov/Archives/edgar/data/1259380/000119312525234588/d36849d424h.htm,data/CARMAX_AUTO_FUNDING_LLC_2025-10-08_424H.htm,data/text/CARMAX_AUTO_FUNDING_LLC_2025-10-08_424H.txt,72356,ok
0001193125-26-013037,CarMax Auto Owner Trust 2026-1,,0002094950,CARMAX AUTO FUNDING LLC,0001259380,Auto loan,424H,2026-01-14,2026,https://www.sec.gov/Archives/edgar/data/1259380/000119312526013037/d34749d424h.htm,data/CARMAX_AUTO_FUNDING_LLC_2026-01-14_424H.htm,data/text/CARMAX_AUTO_FUNDING_LLC_2026-01-14_424H.txt,73293,ok
0001193125-26-046816,CarMax Select Receivables Trust 2026-A,,0002104651,CARMAX AUTO FUNDING LLC,0001259380,Auto loan,424H,2026-02-11,2026,https://www.sec.gov/Archives/edgar/data/1259380/000119312526046816/d17727d424h.htm,data/CARMAX_AUTO_FUNDING_LLC_2026-02-11_424H.htm,data/text/CARMAX_AUTO_FUNDING_LLC_2026-02-11_424H.txt,81186,ok
0001193125-26-156818,CarMax Auto Owner Trust 2026-2,,0002117307,CARMAX AUTO FUNDING LLC,0001259380,Auto loan,424H,2026-04-15,2026,https://www.sec.gov/Archives/edgar/data/1259380/000119312526156818/d36020d424h.htm,data/CARMAX_AUTO_FUNDING_LLC_2026-04-15_424H.htm,data/text/CARMAX_AUTO_FUNDING_LLC_2026-04-15_424H.txt,73477,ok
0001193125-26-257311,CarMax Select Receivables Trust 2026-B,,0002137261,CARMAX AUTO FUNDING LLC,0001259380,Auto loan,424H,2026-06-04,2026,https://www.sec.gov/Archives/edgar/data/1259380/000119312526257311/d125463d424h.htm,data/CARMAX_AUTO_FUNDING_LLC_2026-06-04_424H.htm,data/text/CARMAX_AUTO_FUNDING_LLC_2026-06-04_424H.txt,73861,ok
0001193125-26-298297,CarMax Auto Owner Trust 2026-3,,0002142044,CARMAX AUTO FUNDING LLC,0001259380,Auto loan,424H,2026-07-08,2026,https://www.sec.gov/Archives/edgar/data/1259380/000119312526298297/d134574d424h.htm,data/CARMAX_AUTO_FUNDING_LLC_2026-07-08_424H.htm,data/text/CARMAX_AUTO_FUNDING_LLC_2026-07-08_424H.txt,73434,ok
0001104659-24-032931,Ford Credit Auto Owner Trust 2024-A,,0002014176,FORD CREDIT AUTO RECEIVABLES TWO LLC,0001129987,Auto loan,424H,2024-03-11,2024,https://www.sec.gov/Archives/edgar/data/1129987/000110465924032931/tm248203d1_424h.htm,data/FORD_CREDIT_AUTO_RECEIVABLES_TWO_LLC_2024-03-11_424H.htm,data/text/FORD_CREDIT_AUTO_RECEIVABLES_TWO_LLC_2024-03-11_424H.txt,61597,ok
0001104659-24-071318,Ford Credit Auto Owner Trust 2024-B,,0002023756,FORD CREDIT AUTO RECEIVABLES TWO LLC,0001129987,Auto loan,424H,2024-06-13,2024,https://www.sec.gov/Archives/edgar/data/1129987/000110465924071318/tm2416802d1_424h.htm,data/FORD_CREDIT_AUTO_RECEIVABLES_TWO_LLC_2024-06-13_424H.htm,data/text/FORD_CREDIT_AUTO_RECEIVABLES_TWO_LLC_2024-06-13_424H.txt,61699,ok
0001104659-24-099238,Ford Credit Auto Owner Trust 2024-C,,0002033921,FORD CREDIT AUTO RECEIVABLES TWO LLC,0001129987,Auto loan,424H,2024-09-12,2024,https://www.sec.gov/Archives/edgar/data/1129987/000110465924099238/tm2423586d1_424h.htm,data/FORD_CREDIT_AUTO_RECEIVABLES_TWO_LLC_2024-09-12_424H.htm,data/text/FORD_CREDIT_AUTO_RECEIVABLES_TWO_LLC_2024-09-12_424H.txt,62455,ok
0001104659-24-118694,Ford Credit Auto Owner Trust 2024-D,,0002042453,FORD CREDIT AUTO RECEIVABLES TWO LLC,0001129987,Auto loan,424H,2024-11-14,2024,https://www.sec.gov/Archives/edgar/data/1129987/000110465924118694/tm2428010d1_424h.htm,data/FORD_CREDIT_AUTO_RECEIVABLES_TWO_LLC_2024-11-14_424H.htm,data/text/FORD_CREDIT_AUTO_RECEIVABLES_TWO_LLC_2024-11-14_424H.txt,62880,ok
0001104659-25-023376,Ford Credit Auto Owner Trust 2025-A,,0002057342,FORD CREDIT AUTO RECEIVABLES TWO LLC,0001129987,Auto loan,424H,2025-03-13,2025,https://www.sec.gov/Archives/edgar/data/1129987/000110465925023376/tm258634d1_424h.htm,data/FORD_CREDIT_AUTO_RECEIVABLES_TWO_LLC_2025-03-13_424H.htm,data/text/FORD_CREDIT_AUTO_RECEIVABLES_TWO_LLC_2025-03-13_424H.txt,62598,ok
0001104659-25-091315,Ford Credit Auto Owner Trust 2025-B,,0002082903,FORD CREDIT AUTO RECEIVABLES TWO LLC,0001129987,Auto loan,424H,2025-09-18,2025,https://www.sec.gov/Archives/edgar/data/1129987/000110465925091315/tm2526028d3_424h.htm,data/FORD_CREDIT_AUTO_RECEIVABLES_TWO_LLC_2025-09-18_424H.htm,data/text/FORD_CREDIT_AUTO_RECEIVABLES_TWO_LLC_2025-09-18_424H.txt,63257,ok
0001104659-25-111290,Ford Credit Auto Owner Trust 2025-C,,0002092555,FORD CREDIT AUTO RECEIVABLES TWO LLC,0001129987,Auto loan,424H,2025-11-13,2025,https://www.sec.gov/Archives/edgar/data/1129987/000110465925111290/tm2530629d1_424h.htm,data/FORD_CREDIT_AUTO_RECEIVABLES_TWO_LLC_2025-11-13_424H.htm,data/text/FORD_CREDIT_AUTO_RECEIVABLES_TWO_LLC_2025-11-13_424H.txt,60312,ok
0001104659-26-027021,Ford Credit Auto Owner Trust 2026-A,,0002113024,FORD CREDIT AUTO RECEIVABLES TWO LLC,0001129987,Auto loan,424H,2026-03-12,2026,https://www.sec.gov/Archives/edgar/data/1129987/000110465926027021/tm268276d1_424h.htm,data/FORD_CREDIT_AUTO_RECEIVABLES_TWO_LLC_2026-03-12_424H.htm,data/text/FORD_CREDIT_AUTO_RECEIVABLES_TWO_LLC_2026-03-12_424H.txt,63177,ok
0001104659-26-072992,Ford Credit Auto Owner Trust 2026-B,,0002137917,FORD CREDIT AUTO RECEIVABLES TWO LLC,0001129987,Auto loan,424H,2026-06-11,2026,https://www.sec.gov/Archives/edgar/data/1129987/000110465926072992/tm2617048d1_424h.htm,data/FORD_CREDIT_AUTO_RECEIVABLES_TWO_LLC_2026-06-11_424H.htm,data/text/FORD_CREDIT_AUTO_RECEIVABLES_TWO_LLC_2026-06-11_424H.txt,62827,ok
0001104659-24-058485,Harley-Davidson Motorcycle Trust 2024-A,,0002017611,HARLEY-DAVIDSON CUSTOMER FUNDING CORP,0001114926,Motorcycle loan,424H,2024-05-08,2024,https://www.sec.gov/Archives/edgar/data/1114926/000110465924058485/tm2413280-1_424h.htm,data/HARLEY-DAVIDSON_CUSTOMER_FUNDING_CORP__2024-05-08_424H.htm,data/text/HARLEY-DAVIDSON_CUSTOMER_FUNDING_CORP__2024-05-08_424H.txt,62948,ok
0001104659-24-098758,Harley-Davidson Motorcycle Trust 2024-B,,0002034427,HARLEY-DAVIDSON CUSTOMER FUNDING CORP,0001114926,Motorcycle loan,424H,2024-09-11,2024,https://www.sec.gov/Archives/edgar/data/1114926/000110465924098758/tm2422152-1_424h.htm,data/HARLEY-DAVIDSON_CUSTOMER_FUNDING_CORP__2024-09-11_424H.htm,data/text/HARLEY-DAVIDSON_CUSTOMER_FUNDING_CORP__2024-09-11_424H.txt,63136,ok
0001104659-25-048574,Harley-Davidson Motorcycle Trust 2025-A,,0002066712,HARLEY-DAVIDSON CUSTOMER FUNDING CORP,0001114926,Motorcycle loan,424H,2025-05-14,2025,https://www.sec.gov/Archives/edgar/data/1114926/000110465925048574/tm2513840-1_424h.htm,data/HARLEY-DAVIDSON_CUSTOMER_FUNDING_CORP__2025-05-14_424H.htm,data/text/HARLEY-DAVIDSON_CUSTOMER_FUNDING_CORP__2025-05-14_424H.txt,70027,ok
0001104659-24-031300,Hyundai Auto Receivables Trust 2024-A,,0002010834,HYUNDAI ABS FUNDING LLC,0001260125,Auto loan,424H,2024-03-06,2024,https://www.sec.gov/Archives/edgar/data/1260125/000110465924031300/tm247619d7_424h.htm,data/HYUNDAI_ABS_FUNDING_LLC_2024-03-06_424H.htm,data/text/HYUNDAI_ABS_FUNDING_LLC_2024-03-06_424H.txt,88017,ok
0001104659-24-079114,Hyundai Auto Receivables Trust 2024-B,,0002027363,HYUNDAI ABS FUNDING LLC,0001260125,Auto loan,424H,2024-07-11,2024,https://www.sec.gov/Archives/edgar/data/1260125/000110465924079114/tm2419061d4_424h.htm,data/HYUNDAI_ABS_FUNDING_LLC_2024-07-11_424H.htm,data/text/HYUNDAI_ABS_FUNDING_LLC_2024-07-11_424H.txt,89208,ok
0001104659-24-105235,Hyundai Auto Receivables Trust 2024-C,,0002037227,HYUNDAI ABS FUNDING LLC,0001260125,Auto loan,424H,2024-10-02,2024,https://www.sec.gov/Archives/edgar/data/1260125/000110465924105235/tm2424889d6_424h.htm,data/HYUNDAI_ABS_FUNDING_LLC_2024-10-02_424H.htm,data/text/HYUNDAI_ABS_FUNDING_LLC_2024-10-02_424H.txt,89993,ok
0001104659-25-017888,Hyundai Auto Receivables Trust 2025-A,,0002056104,HYUNDAI ABS FUNDING LLC,0001260125,Auto loan,424H,2025-02-27,2025,https://www.sec.gov/Archives/edgar/data/1260125/000110465925017888/tm257118d6_424h.htm,data/HYUNDAI_ABS_FUNDING_LLC_2025-02-27_424H.htm,data/text/HYUNDAI_ABS_FUNDING_LLC_2025-02-27_424H.txt,92591,ok
0001104659-25-053535,Hyundai Auto Receivables Trust 2025-B,,0002069716,HYUNDAI ABS FUNDING LLC,0001260125,Auto loan,424H,2025-05-28,2025,https://www.sec.gov/Archives/edgar/data/1260125/000110465925053535/tm2515899d3_424h.htm,data/HYUNDAI_ABS_FUNDING_LLC_2025-05-28_424H.htm,data/text/HYUNDAI_ABS_FUNDING_LLC_2025-05-28_424H.txt,93789,ok
0001104659-25-087324,Hyundai Auto Receivables Trust 2025-C,,0002082419,HYUNDAI ABS FUNDING LLC,0001260125,Auto loan,424H,2025-09-04,2025,https://www.sec.gov/Archives/edgar/data/1260125/000110465925087324/tm2524658d1_424h.htm,data/HYUNDAI_ABS_FUNDING_LLC_2025-09-04_424H.htm,data/text/HYUNDAI_ABS_FUNDING_LLC_2025-09-04_424H.txt,94527,ok
0001104659-25-103609,Hyundai Auto Receivables Trust 2025-D,,0002091679,HYUNDAI ABS FUNDING LLC,0001260125,Auto loan,424H,2025-10-29,2025,https://www.sec.gov/Archives/edgar/data/1260125/000110465925103609/tm2529217d3_424h.htm,data/HYUNDAI_ABS_FUNDING_LLC_2025-10-29_424H.htm,data/text/HYUNDAI_ABS_FUNDING_LLC_2025-10-29_424H.txt,95172,ok
0001104659-26-010086,Hyundai Auto Receivables Trust 2026-A,,0002104134,HYUNDAI ABS FUNDING LLC,0001260125,Auto loan,424H,2026-02-04,2026,https://www.sec.gov/Archives/edgar/data/1260125/000110465926010086/tm264376d6_424h.htm,data/HYUNDAI_ABS_FUNDING_LLC_2026-02-04_424H.htm,data/text/HYUNDAI_ABS_FUNDING_LLC_2026-02-04_424H.txt,96115,ok
0001104659-26-070392,Hyundai Auto Receivables Trust 2026-B,,0002135188,HYUNDAI ABS FUNDING LLC,0001260125,Auto loan,424H,2026-06-04,2026,https://www.sec.gov/Archives/edgar/data/1260125/000110465926070392/tm2615711d5_424h.htm,data/HYUNDAI_ABS_FUNDING_LLC_2026-06-04_424H.htm,data/text/HYUNDAI_ABS_FUNDING_LLC_2026-06-04_424H.txt,94891,ok
0001193125-24-195900,Santander Drive Auto Receivables Trust 2024-4,,0002031161,SANTANDER DRIVE AUTO RECEIVABLES LLC,0001383094,Auto loan,424H,2024-08-07,2024,https://www.sec.gov/Archives/edgar/data/1383094/000119312524195900/d781831d424h.htm,data/SANTANDER_DRIVE_AUTO_RECEIVABLES_LLC_2024-08-07_424H.htm,data/text/SANTANDER_DRIVE_AUTO_RECEIVABLES_LLC_2024-08-07_424H.txt,87830,ok
0001193125-24-217251,Drive Auto Receivables Trust 2024-2,,0002036081,SANTANDER DRIVE AUTO RECEIVABLES LLC,0001383094,Auto loan,424H,2024-09-11,2024,https://www.sec.gov/Archives/edgar/data/1383094/000119312524217251/d854647d424h.htm,data/SANTANDER_DRIVE_AUTO_RECEIVABLES_LLC_2024-09-11_424H.htm,data/text/SANTANDER_DRIVE_AUTO_RECEIVABLES_LLC_2024-09-11_424H.txt,78963,ok
0001193125-24-235914,Santander Drive Auto Receivables Trust 2024-5,,0002039227,SANTANDER DRIVE AUTO RECEIVABLES LLC,0001383094,Auto loan,424H,2024-10-10,2024,https://www.sec.gov/Archives/edgar/data/1383094/000119312524235914/d882670d424h.htm,data/SANTANDER_DRIVE_AUTO_RECEIVABLES_LLC_2024-10-10_424H.htm,data/text/SANTANDER_DRIVE_AUTO_RECEIVABLES_LLC_2024-10-10_424H.txt,84850,ok
0001193125-25-004311,Santander Drive Auto Receivables Trust 2025-1,,0002049903,SANTANDER DRIVE AUTO RECEIVABLES LLC,0001383094,Auto loan,424H,2025-01-10,2025,https://www.sec.gov/Archives/edgar/data/1383094/000119312525004311/d833872d424h.htm,data/SANTANDER_DRIVE_AUTO_RECEIVABLES_LLC_2025-01-10_424H.htm,data/text/SANTANDER_DRIVE_AUTO_RECEIVABLES_LLC_2025-01-10_424H.txt,90550,ok
0001193125-25-052978,Santander Drive Auto Receivables Trust 2025-2,,0002055936,SANTANDER DRIVE AUTO RECEIVABLES LLC,0001383094,Auto loan,424H,2025-03-12,2025,https://www.sec.gov/Archives/edgar/data/1383094/000119312525052978/d904180d424h.htm,data/SANTANDER_DRIVE_AUTO_RECEIVABLES_LLC_2025-03-12_424H.htm,data/text/SANTANDER_DRIVE_AUTO_RECEIVABLES_LLC_2025-03-12_424H.txt,88009,ok
0001193125-25-119930,Drive Auto Receivables Trust 2025-1,,0002067387,SANTANDER DRIVE AUTO RECEIVABLES LLC,0001383094,Auto loan,424H,2025-05-14,2025,https://www.sec.gov/Archives/edgar/data/1383094/000119312525119930/d862889d424h.htm,data/SANTANDER_DRIVE_AUTO_RECEIVABLES_LLC_2025-05-14_424H.htm,data/text/SANTANDER_DRIVE_AUTO_RECEIVABLES_LLC_2025-05-14_424H.txt,76303,ok
0001193125-25-160513,Santander Drive Auto Receivables Trust 2025-3,,0002075635,SANTANDER DRIVE AUTO RECEIVABLES LLC,0001383094,Auto loan,424H,2025-07-17,2025,https://www.sec.gov/Archives/edgar/data/1383094/000119312525160513/d40585d424h.htm,data/SANTANDER_DRIVE_AUTO_RECEIVABLES_LLC_2025-07-17_424H.htm,data/text/SANTANDER_DRIVE_AUTO_RECEIVABLES_LLC_2025-07-17_424H.txt,90387,ok
0001193125-25-200143,Drive Auto Receivables Trust 2025-2,,0002082136,SANTANDER DRIVE AUTO RECEIVABLES LLC,0001383094,Auto loan,424H,2025-09-10,2025,https://www.sec.gov/Archives/edgar/data/1383094/000119312525200143/d72018d424h.htm,data/SANTANDER_DRIVE_AUTO_RECEIVABLES_LLC_2025-09-10_424H.htm,data/text/SANTANDER_DRIVE_AUTO_RECEIVABLES_LLC_2025-09-10_424H.txt,80354,ok
0001193125-25-269645,Santander Drive Auto Receivables Trust 2025-4,,0002094373,SANTANDER DRIVE AUTO RECEIVABLES LLC,0001383094,Auto loan,424H,2025-11-06,2025,https://www.sec.gov/Archives/edgar/data/1383094/000119312525269645/d86784d424h.htm,data/SANTANDER_DRIVE_AUTO_RECEIVABLES_LLC_2025-11-06_424H.htm,data/text/SANTANDER_DRIVE_AUTO_RECEIVABLES_LLC_2025-11-06_424H.txt,88374,ok
0001193125-26-046579,Santander Drive Auto Receivables Trust 2026-1,,0002105961,SANTANDER DRIVE AUTO RECEIVABLES LLC,0001383094,Auto loan,424H,2026-02-11,2026,https://www.sec.gov/Archives/edgar/data/1383094/000119312526046579/d33515d424h.htm,data/SANTANDER_DRIVE_AUTO_RECEIVABLES_LLC_2026-02-11_424H.htm,data/text/SANTANDER_DRIVE_AUTO_RECEIVABLES_LLC_2026-02-11_424H.txt,93481,ok
0000929638-24-001523,Toyota Auto Receivables 2024-B Owner Trust,,0002012786,TOYOTA AUTO FINANCE RECEIVABLES LLC,0001131131,Auto loan,424H,2024-04-18,2024,https://www.sec.gov/Archives/edgar/data/1131131/000092963824001523/taot2024b-424h.htm,data/TOYOTA_AUTO_FINANCE_RECEIVABLES_LLC_2024-04-18_424H.htm,data/text/TOYOTA_AUTO_FINANCE_RECEIVABLES_LLC_2024-04-18_424H.txt,86560,ok
0000929638-24-002506,Toyota Auto Receivables 2024-C Owner Trust,,0002026605,TOYOTA AUTO FINANCE RECEIVABLES LLC,0001131131,Auto loan,424H,2024-07-17,2024,https://www.sec.gov/Archives/edgar/data/1131131/000092963824002506/taot2024c-424h.htm,data/TOYOTA_AUTO_FINANCE_RECEIVABLES_LLC_2024-07-17_424H.htm,data/text/TOYOTA_AUTO_FINANCE_RECEIVABLES_LLC_2024-07-17_424H.txt,85797,ok
0000929638-24-003452,Toyota Auto Receivables 2024-D Owner Trust,,0002036936,TOYOTA AUTO FINANCE RECEIVABLES LLC,0001131131,Auto loan,424H,2024-10-07,2024,https://www.sec.gov/Archives/edgar/data/1131131/000092963824003452/taot2024d-424h.htm,data/TOYOTA_AUTO_FINANCE_RECEIVABLES_LLC_2024-10-07_424H.htm,data/text/TOYOTA_AUTO_FINANCE_RECEIVABLES_LLC_2024-10-07_424H.txt,85778,ok
0000929638-25-000154,Toyota Auto Receivables 2025-A Owner Trust,,0002047571,TOYOTA AUTO FINANCE RECEIVABLES LLC,0001131131,Auto loan,424H,2025-01-15,2025,https://www.sec.gov/Archives/edgar/data/1131131/000092963825000154/taot2025a-424h.htm,data/TOYOTA_AUTO_FINANCE_RECEIVABLES_LLC_2025-01-15_424H.htm,data/text/TOYOTA_AUTO_FINANCE_RECEIVABLES_LLC_2025-01-15_424H.txt,86384,ok
0000929638-25-001593,Toyota Auto Receivables 2025-B Owner Trust,,0002058316,TOYOTA AUTO FINANCE RECEIVABLES LLC,0001131131,Auto loan,424H,2025-04-21,2025,https://www.sec.gov/Archives/edgar/data/1131131/000092963825001593/taot2025b-424h.htm,data/TOYOTA_AUTO_FINANCE_RECEIVABLES_LLC_2025-04-21_424H.htm,data/text/TOYOTA_AUTO_FINANCE_RECEIVABLES_LLC_2025-04-21_424H.txt,89342,ok
0000929638-25-002607,Toyota Auto Receivables 2025-C Owner Trust,,0002063142,TOYOTA AUTO FINANCE RECEIVABLES LLC,0001131131,Auto loan,424H,2025-07-16,2025,https://www.sec.gov/Archives/edgar/data/1131131/000092963825002607/taot2025c-424h.htm,data/TOYOTA_AUTO_FINANCE_RECEIVABLES_LLC_2025-07-16_424H.htm,data/text/TOYOTA_AUTO_FINANCE_RECEIVABLES_LLC_2025-07-16_424H.txt,88739,ok
0000929638-25-003854,Toyota Auto Receivables 2025-D Owner Trust,,0002063141,TOYOTA AUTO FINANCE RECEIVABLES LLC,0001131131,Auto loan,424H,2025-10-08,2025,https://www.sec.gov/Archives/edgar/data/1131131/000092963825003854/taot2025d-424h.htm,data/TOYOTA_AUTO_FINANCE_RECEIVABLES_LLC_2025-10-08_424H.htm,data/text/TOYOTA_AUTO_FINANCE_RECEIVABLES_LLC_2025-10-08_424H.txt,88456,ok
0000929638-26-000041,Toyota Auto Receivables 2026-A Owner Trust,,0002099539,TOYOTA AUTO FINANCE RECEIVABLES LLC,0001131131,Auto loan,424H,2026-01-07,2026,https://www.sec.gov/Archives/edgar/data/1131131/000092963826000041/taot2026-a_424h.htm,data/TOYOTA_AUTO_FINANCE_RECEIVABLES_LLC_2026-01-07_424H.htm,data/text/TOYOTA_AUTO_FINANCE_RECEIVABLES_LLC_2026-01-07_424H.txt,88629,ok
0000929638-26-001430,Toyota Auto Receivables 2026-B Owner Trust,,0002099540,TOYOTA AUTO FINANCE RECEIVABLES LLC,0001131131,Auto loan,424H,2026-04-08,2026,https://www.sec.gov/Archives/edgar/data/1131131/000092963826001430/taot2026-b_424h.htm,data/TOYOTA_AUTO_FINANCE_RECEIVABLES_LLC_2026-04-08_424H.htm,data/text/TOYOTA_AUTO_FINANCE_RECEIVABLES_LLC_2026-04-08_424H.txt,88962,ok
0000929638-26-002565,Toyota Auto Receivables 2026-C Owner Trust,,0002099541,TOYOTA AUTO FINANCE RECEIVABLES LLC,0001131131,Auto loan,424H,2026-07-08,2026,https://www.sec.gov/Archives/edgar/data/1131131/000092963826002565/taot2026-c_424h.htm,data/TOYOTA_AUTO_FINANCE_RECEIVABLES_LLC_2026-07-08_424H.htm,data/text/TOYOTA_AUTO_FINANCE_RECEIVABLES_LLC_2026-07-08_424H.txt,88991,ok
0000929638-25-002656,Verizon Master Trust,2024-6,0001844964,Verizon ABS II LLC,0001836995,Device payment plans,424H,2025-07-22,2025,https://www.sec.gov/Archives/edgar/data/1836995/000092963825002656/a424h.htm,data/Verizon_ABS_II_LLC_2025-07-22_424H.htm,data/text/Verizon_ABS_II_LLC_2025-07-22_424H.txt,99798,ok
0000929638-25-002655,Verizon Master Trust,2023-1,0001844964,Verizon ABS II LLC,0001836995,Device payment plans,424H,2025-07-22,2025,https://www.sec.gov/Archives/edgar/data/1836995/000092963825002655/a424h.htm,data/Verizon_ABS_II_LLC_2025-07-22_424H_0000929638-25-002655.htm,data/text/Verizon_ABS_II_LLC_2025-07-22_424H_0000929638-25-002655.txt,95820,ok
0000929638-25-002868,Verizon Master Trust,2025-5,0001844964,Verizon ABS II LLC,0001836995,Device payment plans,424H,2025-08-04,2025,https://www.sec.gov/Archives/edgar/data/1836995/000092963825002868/a424h.htm,data/Verizon_ABS_II_LLC_2025-08-04_424H.htm,data/text/Verizon_ABS_II_LLC_2025-08-04_424H.txt,100053,ok
0000929638-25-002866,Verizon Master Trust,2024-1,0001844964,Verizon ABS II LLC,0001836995,Device payment plans,424H,2025-08-04,2025,https://www.sec.gov/Archives/edgar/data/1836995/000092963825002866/a424h.htm,data/Verizon_ABS_II_LLC_2025-08-04_424H_0000929638-25-002866.htm,data/text/Verizon_ABS_II_LLC_2025-08-04_424H_0000929638-25-002866.txt,99741,ok
0000929638-25-002864,Verizon Master Trust,2023-7,0001844964,Verizon ABS II LLC,0001836995,Device payment plans,424H,2025-08-04,2025,https://www.sec.gov/Archives/edgar/data/1836995/000092963825002864/a424h.htm,data/Verizon_ABS_II_LLC_2025-08-04_424H_0000929638-25-002864.htm,data/text/Verizon_ABS_II_LLC_2025-08-04_424H_0000929638-25-002864.txt,99785,ok
0000929638-25-002862,Verizon Master Trust,2023-4,0001844964,Verizon ABS II LLC,0001836995,Device payment plans,424H,2025-08-04,2025,https://www.sec.gov/Archives/edgar/data/1836995/000092963825002862/a424h.htm,data/Verizon_ABS_II_LLC_2025-08-04_424H_0000929638-25-002862.htm,data/text/Verizon_ABS_II_LLC_2025-08-04_424H_0000929638-25-002862.txt,99753,ok
0000929638-25-003345,Verizon Master Trust,2025-7,0001844964,Verizon ABS II LLC,0001836995,Device payment plans,424H,2025-09-03,2025,https://www.sec.gov/Archives/edgar/data/1836995/000092963825003345/a424h.htm,data/Verizon_ABS_II_LLC_2025-09-03_424H.htm,data/text/Verizon_ABS_II_LLC_2025-09-03_424H.txt,101544,ok
0000929638-25-004237,Verizon Master Trust,2025-9,0001844964,Verizon ABS II LLC,0001836995,Device payment plans,424H,2025-11-13,2025,https://www.sec.gov/Archives/edgar/data/1836995/000092963825004237/a424h.htm,data/Verizon_ABS_II_LLC_2025-11-13_424H.htm,data/text/Verizon_ABS_II_LLC_2025-11-13_424H.txt,101529,ok
0000929638-26-000770,Verizon Master Trust,2026-1,0001844964,Verizon ABS II LLC,0001836995,Device payment plans,424H,2026-03-02,2026,https://www.sec.gov/Archives/edgar/data/1836995/000092963826000770/a424h.htm,data/Verizon_ABS_II_LLC_2026-03-02_424H.htm,data/text/Verizon_ABS_II_LLC_2026-03-02_424H.txt,101264,ok
0000929638-26-002288,Verizon Master Trust,2026-2,0001844964,Verizon ABS II LLC,0001836995,Device payment plans,424H,2026-06-22,2026,https://www.sec.gov/Archives/edgar/data/1836995/000092963826002288/a424h.htm,data/Verizon_ABS_II_LLC_2026-06-22_424H.htm,data/text/Verizon_ABS_II_LLC_2026-06-22_424H.txt,101764,ok
0001539497-25-002386,Wells Fargo Commercial Mortgage Trust 2025-5C6,2025-5C6,0002077898,WELLS FARGO COMMERCIAL MORTGAGE SECURITIES INC,0000850779,CMBS,424H,2025-09-17,2025,https://www.sec.gov/Archives/edgar/data/850779/000153949725002386/n5285_x6-424h.htm,data/WELLS_FARGO_COMMERCIAL_MORTGAGE_SECURITIES_INC_2025-09-17_424H.htm,data/text/WELLS_FARGO_COMMERCIAL_MORTGAGE_SECURITIES_INC_2025-09-17_424H.txt,360825,ok
0001539497-25-002565,Wells Fargo Commercial Mortgage Trust 2025-C65,2025-C65,0002086308,WELLS FARGO COMMERCIAL MORTGAGE SECURITIES INC,0000850779,CMBS,424H,2025-09-30,2025,https://www.sec.gov/Archives/edgar/data/850779/000153949725002565/n5316_x8-424h.htm,data/WELLS_FARGO_COMMERCIAL_MORTGAGE_SECURITIES_INC_2025-09-30_424H.htm,data/text/WELLS_FARGO_COMMERCIAL_MORTGAGE_SECURITIES_INC_2025-09-30_424H.txt,362795,ok
0001539497-25-002946,BANK5 2025-5YR18,,0002096187,WELLS FARGO COMMERCIAL MORTGAGE SECURITIES INC,0000850779,CMBS,424H,2025-11-13,2025,https://www.sec.gov/Archives/edgar/data/850779/000153949725002946/n5416_x4-424h.htm,data/WELLS_FARGO_COMMERCIAL_MORTGAGE_SECURITIES_INC_2025-11-13_424H.htm,data/text/WELLS_FARGO_COMMERCIAL_MORTGAGE_SECURITIES_INC_2025-11-13_424H.txt,340373,ok
0001539497-25-003085,Wells Fargo Commercial Mortgage Trust 2025-5C7,2025-5C7,0002093119,WELLS FARGO COMMERCIAL MORTGAGE SECURITIES INC,0000850779,CMBS,424H,2025-12-01,2025,https://www.sec.gov/Archives/edgar/data/850779/000153949725003085/n5438_x7-424h.htm,data/WELLS_FARGO_COMMERCIAL_MORTGAGE_SECURITIES_INC_2025-12-01_424H.htm,data/text/WELLS_FARGO_COMMERCIAL_MORTGAGE_SECURITIES_INC_2025-12-01_424H.txt,425409,ok
0001539497-25-003202,BANK 2025-BNK51,,0002098047,WELLS FARGO COMMERCIAL MORTGAGE SECURITIES INC,0000850779,CMBS,424H,2025-12-08,2025,https://www.sec.gov/Archives/edgar/data/850779/000153949725003202/n5486_x7-424h.htm,data/WELLS_FARGO_COMMERCIAL_MORTGAGE_SECURITIES_INC_2025-12-08_424H.htm,data/text/WELLS_FARGO_COMMERCIAL_MORTGAGE_SECURITIES_INC_2025-12-08_424H.txt,380010,ok
0001539497-26-000350,Wells Fargo Commercial Mortgage Trust 2026-5C8,2026-5C8,0002107796,WELLS FARGO COMMERCIAL MORTGAGE SECURITIES INC,0000850779,CMBS,424H,2026-02-11,2026,https://www.sec.gov/Archives/edgar/data/850779/000153949726000350/n5644_x6-424h.htm,data/WELLS_FARGO_COMMERCIAL_MORTGAGE_SECURITIES_INC_2026-02-11_424H.htm,data/text/WELLS_FARGO_COMMERCIAL_MORTGAGE_SECURITIES_INC_2026-02-11_424H.txt,345599,ok
0001539497-26-000989,Wells Fargo Commercial Mortgage Trust 2026-C66,2026-C66,0002109197,WELLS FARGO COMMERCIAL MORTGAGE SECURITIES INC,0000850779,CMBS,424H,2026-03-23,2026,https://www.sec.gov/Archives/edgar/data/850779/000153949726000989/n5754_x7-424h.htm,data/WELLS_FARGO_COMMERCIAL_MORTGAGE_SECURITIES_INC_2026-03-23_424H.htm,data/text/WELLS_FARGO_COMMERCIAL_MORTGAGE_SECURITIES_INC_2026-03-23_424H.txt,358793,ok
0001539497-26-001332,Wells Fargo Commercial Mortgage Trust 2026-5C9,2026-5C9,0002133003,WELLS FARGO COMMERCIAL MORTGAGE SECURITIES INC,0000850779,CMBS,424H,2026-05-05,2026,https://www.sec.gov/Archives/edgar/data/850779/000153949726001332/n5864_x7-424h.htm,data/WELLS_FARGO_COMMERCIAL_MORTGAGE_SECURITIES_INC_2026-05-05_424H.htm,data/text/WELLS_FARGO_COMMERCIAL_MORTGAGE_SECURITIES_INC_2026-05-05_424H.txt,374630,ok
0001539497-26-001479,BANK5 2026-5YR22,,0002134743,WELLS FARGO COMMERCIAL MORTGAGE SECURITIES INC,0000850779,CMBS,424H,2026-05-15,2026,https://www.sec.gov/Archives/edgar/data/850779/000153949726001479/n5888_x6-424h.htm,data/WELLS_FARGO_COMMERCIAL_MORTGAGE_SECURITIES_INC_2026-05-15_424H.htm,data/text/WELLS_FARGO_COMMERCIAL_MORTGAGE_SECURITIES_INC_2026-05-15_424H.txt,371124,ok
0001539497-26-001721,Wells Fargo Commercial Mortgage Trust 2026-5C10,2026-5C10,0002136440,WELLS FARGO COMMERCIAL MORTGAGE SECURITIES INC,0000850779,CMBS,424H,2026-06-10,2026,https://www.sec.gov/Archives/edgar/data/850779/000153949726001721/n5926_x7-424h.htm,data/WELLS_FARGO_COMMERCIAL_MORTGAGE_SECURITIES_INC_2026-06-10_424H.htm,data/text/WELLS_FARGO_COMMERCIAL_MORTGAGE_SECURITIES_INC_2026-06-10_424H.txt,348498,ok
0001104659-24-086592,World Omni Auto Receivables Trust 2024-C,2024-C,0002029490,WORLD OMNI AUTO RECEIVABLES LLC,0001083199,Auto loan,424H,2024-08-07,2024,https://www.sec.gov/Archives/edgar/data/1083199/000110465924086592/tm2420727d4_424h.htm,data/WORLD_OMNI_AUTO_RECEIVABLES_LLC_2024-08-07_424H.htm,data/text/WORLD_OMNI_AUTO_RECEIVABLES_LLC_2024-08-07_424H.txt,75435,ok
0001104659-25-003209,World Omni Auto Receivables Trust 2025-A,2025-A,0002046523,WORLD OMNI AUTO RECEIVABLES LLC,0001083199,Auto loan,424H,2025-01-14,2025,https://www.sec.gov/Archives/edgar/data/1083199/000110465925003209/tm252785d5_424h.htm,data/WORLD_OMNI_AUTO_RECEIVABLES_LLC_2025-01-14_424H.htm,data/text/WORLD_OMNI_AUTO_RECEIVABLES_LLC_2025-01-14_424H.txt,75658,ok
0001104659-25-043167,World Omni Auto Receivables Trust 2025-B,2025-B,0002065415,WORLD OMNI AUTO RECEIVABLES LLC,0001083199,Auto loan,424H,2025-05-01,2025,https://www.sec.gov/Archives/edgar/data/1083199/000110465925043167/tm2513003d5_424h.htm,data/WORLD_OMNI_AUTO_RECEIVABLES_LLC_2025-05-01_424H.htm,data/text/WORLD_OMNI_AUTO_RECEIVABLES_LLC_2025-05-01_424H.txt,74846,ok
0001104659-25-071006,World Omni Auto Receivables Trust 2025-C,2025-C,0002074794,WORLD OMNI AUTO RECEIVABLES LLC,0001083199,Auto loan,424H,2025-07-28,2025,https://www.sec.gov/Archives/edgar/data/1083199/000110465925071006/tm2521584d5_424h.htm,data/WORLD_OMNI_AUTO_RECEIVABLES_LLC_2025-07-28_424H.htm,data/text/WORLD_OMNI_AUTO_RECEIVABLES_LLC_2025-07-28_424H.txt,76581,ok
0001104659-25-088821,World Omni Select Auto Trust 2025-A,2025-A,0002082708,WORLD OMNI AUTO RECEIVABLES LLC,0001083199,Auto loan,424H,2025-09-10,2025,https://www.sec.gov/Archives/edgar/data/1083199/000110465925088821/tm2525438d2_424h.htm,data/WORLD_OMNI_AUTO_RECEIVABLES_LLC_2025-09-10_424H.htm,data/text/WORLD_OMNI_AUTO_RECEIVABLES_LLC_2025-09-10_424H.txt,76470,ok
0001104659-25-095481,World Omni Auto Receivables Trust 2025-D,2025-D,0002087069,WORLD OMNI AUTO RECEIVABLES LLC,0001083199,Auto loan,424H,2025-10-01,2025,https://www.sec.gov/Archives/edgar/data/1083199/000110465925095481/tm2527075d4_424h.htm,data/WORLD_OMNI_AUTO_RECEIVABLES_LLC_2025-10-01_424H.htm,data/text/WORLD_OMNI_AUTO_RECEIVABLES_LLC_2025-10-01_424H.txt,72724,ok
0001104659-26-009030,World Omni Auto Receivables Trust 2026-A,2026-A,0002104367,WORLD OMNI AUTO RECEIVABLES LLC,0001083199,Auto loan,424H,2026-02-02,2026,https://www.sec.gov/Archives/edgar/data/1083199/000110465926009030/tm264483d4_424h.htm,data/WORLD_OMNI_AUTO_RECEIVABLES_LLC_2026-02-02_424H.htm,data/text/WORLD_OMNI_AUTO_RECEIVABLES_LLC_2026-02-02_424H.txt,76304,ok
0001104659-26-051743,World Omni Auto Receivables Trust 2026-B,2026-B,0002128465,WORLD OMNI AUTO RECEIVABLES LLC,0001083199,Auto loan,424H,2026-04-29,2026,https://www.sec.gov/Archives/edgar/data/1083199/000110465926051743/tm2612646d4_424h.htm,data/WORLD_OMNI_AUTO_RECEIVABLES_LLC_2026-04-29_424H.htm,data/text/WORLD_OMNI_AUTO_RECEIVABLES_LLC_2026-04-29_424H.txt,75829,ok
0001104659-26-082940,World Omni Select Auto Trust 2026-A,2026-A,0002140699,WORLD OMNI AUTO RECEIVABLES LLC,0001083199,Auto loan,424H,2026-07-13,2026,https://www.sec.gov/Archives/edgar/data/1083199/000110465926082940/tm2620052d5_424h.htm,data/WORLD_OMNI_AUTO_RECEIVABLES_LLC_2026-07-13_424H.htm,data/text/WORLD_OMNI_AUTO_RECEIVABLES_LLC_2026-07-13_424H.txt,76758,ok
0001104659-26-094945,World Omni Auto Receivables Trust 2026-C,2026-C,0002146760,WORLD OMNI AUTO RECEIVABLES LLC,0001083199,Auto loan,424H,2026-08-12,2026,https://www.sec.gov/Archives/edgar/data/1083199/000110465926094945/tm2622477d4_424h.htm,data/WORLD_OMNI_AUTO_RECEIVABLES_LLC_2026-08-12_424H.htm,data/text/WORLD_OMNI_AUTO_RECEIVABLES_LLC_2026-08-12_424H.txt,72354,ok
